caid,gene,condition,classification,publishedDate,variationId
CAR:CA114360,PAH,phenylketonuria,Pathogenic,2019-05-10,586
CAR:CA229778,PAH,phenylketonuria,Pathogenic,2019-08-17,102844
CAR:CA229624,PAH,phenylketonuria,Pathogenic,2019-04-06,102736
CAR:CA229588,PAH,phenylketonuria,Pathogenic,2019-08-17,102705
CAR:CA229336,PAH,phenylketonuria,Pathogenic,2019-08-17,102518
CAR:CA229311,PAH,phenylketonuria,Pathogenic,2019-08-17,102498
CAR:CA229279,PAH,phenylketonuria,Pathogenic,2019-08-17,102475
CAR:CA220591,PAH,phenylketonuria,Pathogenic,2019-08-17,92752
CAR:CA251526,PAH,phenylketonuria,Pathogenic,2019-04-09,581
CAR:CA229570,PAH,phenylketonuria,Pathogenic,2019-04-06,102693
CAR:CA275338,PAH,phenylketonuria,Pathogenic,2019-04-06,102723
CAR:CA220578,PAH,phenylketonuria,Uncertain Significance,2019-04-26,92737
CAR:CA229633,PAH,phenylketonuria,Likely Pathogenic,2019-04-06,102742
CAR:CA273110,PAH,phenylketonuria,Pathogenic,2025-04-18,92746
CAR:CA200893,PAH,phenylketonuria,Benign,2019-04-06,102577
CAR:CA145978,PAH,phenylketonuria,Benign,2019-04-06,92732
CAR:CA220582,PAH,phenylketonuria,Likely Pathogenic,2019-04-06,92741
CAR:CA6748985,PAH,phenylketonuria,Uncertain Significance,2019-04-06,306914
CAR:CA6748843,PAH,phenylketonuria,Likely Benign,2019-04-06,590340
CAR:CA229873,PAH,phenylketonuria,Benign,2019-04-06,102911
CAR:CA229585,PAH,phenylketonuria,Uncertain Significance,2019-04-06,102703
CAR:CA229561,PAH,phenylketonuria,Likely Pathogenic,2019-04-06,102687
CAR:CA229598,PAH,phenylketonuria,Likely Pathogenic,2019-05-04,102716
CAR:CA229447,PAH,phenylketonuria,Uncertain Significance,2019-04-08,102601
CAR:CA229613,PAH,phenylketonuria,Likely Pathogenic,2019-08-17,102729
